Action	ItemID	Title
Revise	287186336695	Elite Classic Instant Coffee 200g | Israeli Kosher Coffee | Imported from Israel
Revise	287194891844	Elite Instant Coffee 200g | Israeli Kosher Coffee | 2-Pack or 3-Pack | Fresh Import
Revise	287195097926	Elite Turkish Ground Coffee 100g | Authentic Israeli Black Coffee Kosher | 2 or 3 Pack
Revise	287205828959	Osem Bamba Peanut Butter Puffs 6 x 80g | Authentic Israeli Kosher Snack | Fresh Import
Revise	287214308898	Osem Bamba Peanut Butter Puffs 8 x 80g | Authentic Israeli Kosher Snack | Fresh Import
Revise	287214336175	Osem Bamba Peanut Butter Puffs 12 x 80g | Bulk Israeli Kosher Snack | Fresh Import
Revise	287242813863	Israeli Snack Gift Box | Bamba + Bisli + Candy & Chips | Kosher | Ships USA | 6 Pack
Revise	285607231744	Wireless RGB Gaming Headset Bluetooth | LED Luminous | PC PS4 Xbox Compatible
Revise	286216397892	S11 Wired Gaming Headset with Microphone | Stereo Sound | PC Xbox PS4 Compatible
Revise	286216399948	S12 Wired RGB Gaming Headset | LED Light | Surround Sound | PC PS4 Xbox
Revise	286227039789	M15 Dual Controller TV Home Game Console | Retro Video Game Machine | HDMI
Revise	285357913519	Wireless Gaming Bluetooth Headset | Deep Bass | Noise Cancelling | PC PS4 Xbox
Revise	286103897145	RGB Backlit Gaming Mouse | 19 Buttons | Programmable | LED | Wired USB
Revise	285358772975	Mechanical Gaming Keyboard Wired | RGB Backlit | Waterproof | Anti-Ghosting
